F,G,P
5.00000000000e-01,1.31099509266e00,1.41882766724e02
5.01500000000e-01,1.27388139212e00,1.47794387817e02
5.03000000000e-01,1.24705012186e00,1.54010452271e02
5.04500000000e-01,1.26714263013e00,1.48740890503e02
5.06000000000e-01,1.29326704998e00,1.43672775269e02
5.07500000000e-01,1.29766243707e00,1.44206130981e02
5.09100000000e-01,1.27768822863e00,1.45517623901e02
5.10600000000e-01,1.25209846678e00,1.51687332153e02
5.12100000000e-01,1.27819283776e00,1.46397201538e02
5.13700000000e-01,1.31385279863e00,1.41405364990e02
5.15200000000e-01,1.29726282135e00,1.42326736450e02
5.16800000000e-01,1.25119875642e00,1.53125991821e02
5.18300000000e-01,1.26167077837e00,1.49022933960e02
5.19900000000e-01,1.28895351715e00,1.43630859375e02
5.21400000000e-01,1.28913364354e00,1.43800857544e02
5.23000000000e-01,1.28047146849e00,1.45152999878e02
5.24500000000e-01,1.25529470762e00,1.50973434448e02
5.26100000000e-01,1.26974155556e00,1.46132186890e02
5.27700000000e-01,1.30775857674e00,1.41322891235e02
5.29300000000e-01,1.27323217235e00,1.46933624268e02
5.30900000000e-01,1.26325203032e00,1.47865173340e02
5.32500000000e-01,1.27222438800e00,1.47806594849e02
5.34100000000e-01,1.28266094226e00,1.43816604614e02
5.35700000000e-01,1.30989911826e00,1.39267059326e02
5.37300000000e-01,1.28117150794e00,1.44711242676e02
5.38900000000e-01,1.26506014238e00,1.49886825562e02
5.40500000000e-01,1.27144268979e00,1.45758697510e02
5.42100000000e-01,1.29306619580e00,1.41701171875e02
5.43700000000e-01,1.26932368252e00,1.46334747314e02
5.45400000000e-01,1.27097329993e00,1.46599746704e02
5.47000000000e-01,1.26962667076e00,1.47669403076e02
5.48700000000e-01,1.27052726860e00,1.44070083618e02
5.50300000000e-01,1.28003603333e00,1.43392578125e02
5.52000000000e-01,1.29188831383e00,1.43377700806e02
5.53600000000e-01,1.27669572883e00,1.44631256104e02
5.55300000000e-01,1.25924480345e00,1.45673263550e02
5.56900000000e-01,1.27569955184e00,1.45232696533e02
5.58600000000e-01,1.28229781094e00,1.44939804077e02
5.60300000000e-01,1.25894395693e00,1.47364196777e02
5.62000000000e-01,1.25931074598e00,1.47509902954e02
5.63700000000e-01,1.30591613877e00,1.41108245850e02
5.65300000000e-01,1.24685935905e00,1.49678146362e02
5.67000000000e-01,1.27892801534e00,1.43195922852e02
5.68700000000e-01,1.33174636298e00,1.37780502319e02
5.70400000000e-01,1.23301046766e00,1.51434921265e02
5.72200000000e-01,1.31395079455e00,1.39156372070e02
5.73900000000e-01,1.28718695053e00,1.44060943604e02
5.75600000000e-01,1.23627167430e00,1.52138900757e02
5.77300000000e-01,1.26423423311e00,1.46201812744e02
5.79100000000e-01,1.30466000427e00,1.40258102417e02
5.80800000000e-01,1.28911846702e00,1.41520568848e02
5.82500000000e-01,1.23954257590e00,1.53768646240e02
5.84300000000e-01,1.28329677514e00,1.42289916992e02
5.86000000000e-01,1.32516338632e00,1.37497467041e02
5.87800000000e-01,1.23221129109e00,1.55868469238e02
5.89600000000e-01,1.32239675729e00,1.37818908691e02
5.91300000000e-01,1.26762557168e00,1.44813201904e02
5.93100000000e-01,1.24182071062e00,1.50735260010e02
5.94900000000e-01,1.35239244535e00,1.34509368896e02
5.96700000000e-01,1.25897768975e00,1.46173675537e02
5.98500000000e-01,1.25620657447e00,1.47206436157e02
6.00300000000e-01,1.33052304806e00,1.35801101685e02
6.02100000000e-01,1.24766666703e00,1.47554016113e02
6.03900000000e-01,1.31824958337e00,1.37680282593e02
6.05700000000e-01,1.25213068124e00,1.47919509888e02
6.07500000000e-01,1.27062477922e00,1.44251800537e02
6.09300000000e-01,1.31257579002e00,1.37567184448e02
6.11100000000e-01,1.24159582721e00,1.49213775635e02
6.13000000000e-01,1.33510487804e00,1.35407806396e02
6.14800000000e-01,1.24181494372e00,1.50023056030e02
6.16700000000e-01,1.28861895053e00,1.41727783203e02
6.18500000000e-01,1.28618990698e00,1.39886505127e02
6.20400000000e-01,1.24675029422e00,1.50290985107e02
6.22200000000e-01,1.30942933845e00,1.38177642822e02
6.24100000000e-01,1.25530405918e00,1.46285873413e02
6.26000000000e-01,1.25364240332e00,1.45966003418e02
6.27800000000e-01,1.29287161385e00,1.40253250122e02
6.29700000000e-01,1.26062023246e00,1.46538314819e02
6.31600000000e-01,1.28046476833e00,1.41084899902e02
6.33500000000e-01,1.26901562493e00,1.42716964722e02
6.35400000000e-01,1.27627424095e00,1.42192474365e02
6.37300000000e-01,1.26305821395e00,1.43330154419e02
6.39200000000e-01,1.27436854376e00,1.43109695435e02
6.41100000000e-01,1.27288840887e00,1.43362930298e02
6.43100000000e-01,1.25463473191e00,1.45204162598e02
6.45000000000e-01,1.30165759336e00,1.38620147705e02
6.46900000000e-01,1.28438047954e00,1.39570373535e02
6.48900000000e-01,1.25224707830e00,1.46131027222e02
6.50800000000e-01,1.30353069991e00,1.39114929199e02
6.52800000000e-01,1.22711212306e00,1.48475891113e02
6.54700000000e-01,1.35432054085e00,1.33676818848e02
6.56700000000e-01,1.22374070489e00,1.49156341553e02
6.58700000000e-01,1.33924035825e00,1.35034286499e02
6.60600000000e-01,1.25101834888e00,1.43296966553e02
6.62600000000e-01,1.31120241320e00,1.36538772583e02
6.64600000000e-01,1.27268195390e00,1.42635040283e02
6.66600000000e-01,1.25586810427e00,1.43812606812e02
6.68600000000e-01,1.31059475341e00,1.37473251343e02
6.70600000000e-01,1.23210084952e00,1.46034683228e02
6.72600000000e-01,1.35823927483e00,1.32515274048e02
6.74600000000e-01,1.21899953071e00,1.53246139526e02
6.76700000000e-01,1.35860375042e00,1.32508728027e02
6.78700000000e-01,1.22447978801e00,1.53913787842e02
6.80700000000e-01,1.31602019590e00,1.34656814575e02
6.82800000000e-01,1.24552862945e00,1.47426269531e02
6.84800000000e-01,1.30735272857e00,1.35803573608e02
6.86900000000e-01,1.29946380432e00,1.36207107544e02
6.88900000000e-01,1.23864409393e00,1.49461273193e02
6.91000000000e-01,1.35501600393e00,1.30802413940e02
6.93100000000e-01,1.22892967401e00,1.50455230713e02
6.95200000000e-01,1.41171147626e00,1.26628044128e02
6.97200000000e-01,1.22765390451e00,1.57038909912e02
6.99300000000e-01,1.33134293155e00,1.33027343750e02
7.01400000000e-01,1.24418764191e00,1.45681671143e02
7.03500000000e-01,1.31465192018e00,1.33734619141e02
7.05600000000e-01,1.27240147562e00,1.40322174072e02
7.07800000000e-01,1.24384361686e00,1.46770538330e02
7.09900000000e-01,1.30320395417e00,1.34801071167e02
7.12000000000e-01,1.25157007429e00,1.47268173218e02
7.14200000000e-01,1.34329744544e00,1.30595611572e02
7.16300000000e-01,1.23565019097e00,1.48212341309e02
7.18400000000e-01,1.33930044977e00,1.31229965210e02
7.20600000000e-01,1.25073039856e00,1.43145416260e02
7.22800000000e-01,1.28188589964e00,1.37599090576e02
7.24900000000e-01,1.28329376478e00,1.37896118164e02
7.27100000000e-01,1.24858735248e00,1.44314331055e02
7.29300000000e-01,1.30952686533e00,1.33192642212e02
7.31500000000e-01,1.26009965393e00,1.44468841553e02
7.33700000000e-01,1.29003759115e00,1.34320114136e02
7.35900000000e-01,1.26229586793e00,1.44934051514e02
7.38100000000e-01,1.28152874839e00,1.35395202637e02
7.40300000000e-01,1.27759620958e00,1.39320358276e02
7.42500000000e-01,1.27900382015e00,1.36577285767e02
7.44700000000e-01,1.27878346995e00,1.39809692383e02
7.47000000000e-01,1.26463289948e00,1.37061843872e02
7.49200000000e-01,1.27590953650e00,1.40676681519e02
7.51500000000e-01,1.26296716195e00,1.37641174316e02
7.53700000000e-01,1.30050173388e00,1.35986862183e02
7.56000000000e-01,1.25954922063e00,1.38158950806e02
7.58300000000e-01,1.29199663089e00,1.36865386963e02
7.60500000000e-01,1.26025084300e00,1.39265151978e02
7.62800000000e-01,1.28272945279e00,1.37245819092e02
7.65100000000e-01,9.98550772549e-01,1.40972579956e02
7.67400000000e-01,1.25207571749e00,1.40965682983e02
7.69700000000e-01,1.32614887237e00,1.32062530518e02
7.72000000000e-01,1.22696965343e00,1.42618255615e02
7.74300000000e-01,1.33326237617e00,1.32628204346e02
7.76600000000e-01,1.22220254446e00,1.43225021362e02
7.79000000000e-01,1.31393290475e00,1.34200347900e02
7.81300000000e-01,1.23295068606e00,1.42350036621e02
7.83700000000e-01,1.28679994950e00,1.36419143677e02
7.86000000000e-01,1.27724977457e00,1.36629425049e02
7.88400000000e-01,1.22819873837e00,1.43612594604e02
7.90700000000e-01,1.35740663653e00,1.30037124634e02
7.93100000000e-01,1.20564972813e00,1.45528366089e02
7.95500000000e-01,1.34704740127e00,1.31002563477e02
7.97900000000e-01,1.20576241133e00,1.45553237915e02
8.00300000000e-01,1.32500727435e00,1.32535949707e02
8.02700000000e-01,1.24153280651e00,1.38134216309e02
8.05100000000e-01,1.25820371878e00,1.41264068604e02
8.07500000000e-01,1.31252837987e00,1.30842376709e02
8.09900000000e-01,1.23915894311e00,1.43661514282e02
8.12300000000e-01,1.35135412564e00,1.28608795166e02
8.14800000000e-01,1.20961663365e00,1.47394104004e02
8.17200000000e-01,1.36210578846e00,1.28981384277e02
8.19700000000e-01,1.20293189950e00,1.48506744385e02
8.22100000000e-01,1.34896365706e00,1.29864852905e02
8.24600000000e-01,1.20226534678e00,1.49189163208e02
8.27100000000e-01,1.38911481843e00,1.25503494263e02
8.29600000000e-01,1.20799723405e00,1.48846908569e02
8.32000000000e-01,1.36719293185e00,1.26463081360e02
8.34500000000e-01,1.22154171004e00,1.42717834473e02
8.37000000000e-01,1.34971069283e00,1.27470260620e02
8.39600000000e-01,1.22743939858e00,1.42543304443e02
8.42100000000e-01,1.33814759959e00,1.28403564453e02
8.44600000000e-01,1.22203714851e00,1.50168533325e02
8.47100000000e-01,1.32927342862e00,1.28793533325e02
8.49700000000e-01,1.22585717644e00,1.50940093994e02
8.52200000000e-01,1.45363540918e00,1.18919174194e02
8.54800000000e-01,1.21205993900e00,1.52625656128e02
8.57300000000e-01,1.37942139820e00,1.24530944824e02
8.59900000000e-01,1.21020322865e00,1.46181854248e02
8.62500000000e-01,1.31799897473e00,1.31233947754e02
8.65100000000e-01,1.27688710342e00,1.32642471313e02
8.67700000000e-01,1.25160143470e00,1.39120147705e02
8.70300000000e-01,1.29046823662e00,1.32618103027e02
8.72900000000e-01,1.20674682527e00,1.48131378174e02
8.75500000000e-01,1.41150141597e00,1.21530921936e02
8.78100000000e-01,1.21653921556e00,1.55749984741e02
8.80800000000e-01,1.38308466391e00,1.22166419983e02
8.83400000000e-01,1.24539855936e00,1.41523178101e02
8.86100000000e-01,1.26301272951e00,1.35159118652e02
8.88700000000e-01,1.31086897000e00,1.29102264404e02
8.91400000000e-01,1.23404770390e00,1.42818298340e02
8.94100000000e-01,1.35297578250e00,1.23928924561e02
8.96700000000e-01,1.23282298989e00,1.49640792847e02
8.99400000000e-01,1.35086931922e00,1.24500373840e02
9.02100000000e-01,1.22529097740e00,1.43504455566e02
9.04800000000e-01,1.34129814551e00,1.25265121460e02
9.07600000000e-01,7.56141367090e-01,1.31248718262e02
9.10300000000e-01,3.07748831447e-02,-9.74986801147e01
9.13000000000e-01,3.66237868304e-02,-1.51831207275e02
9.15800000000e-01,7.63741832675e-01,1.32691436768e02
9.18500000000e-01,1.26254273926e00,1.35099472046e02
9.21300000000e-01,1.28633653918e00,1.30295867920e02
9.24000000000e-01,1.25127930618e00,1.42011474609e02
9.26800000000e-01,1.27505542122e00,1.30662094116e02
9.29600000000e-01,1.26431211434e00,1.36403289795e02
9.32400000000e-01,1.28046351740e00,1.30724182129e02
9.35200000000e-01,1.26492190936e00,1.30784805298e02
9.38000000000e-01,1.30984268022e00,1.31301498413e02
9.40800000000e-01,1.23616471415e00,1.32597030640e02
9.43600000000e-01,1.29000190894e00,1.37541946411e02
9.46400000000e-01,1.22634906596e00,1.33276443481e02
9.49300000000e-01,1.29149028393e00,1.37993530273e02
9.52100000000e-01,1.24284171842e00,1.32909942627e02
9.55000000000e-01,1.25218472421e00,1.32088195801e02
9.57800000000e-01,1.30506255801e00,1.33884689331e02
9.60700000000e-01,1.21423145319e00,1.34383087158e02
9.63600000000e-01,1.32068886097e00,1.33413879395e02
9.66500000000e-01,1.21544353703e00,1.34890563965e02
9.69400000000e-01,1.31020417713e00,1.29651824951e02
9.72300000000e-01,1.24179730819e00,1.33864044189e02
9.75200000000e-01,1.22425834753e00,1.34528213501e02
9.78100000000e-01,1.33693366505e00,1.29652359009e02
9.81100000000e-01,1.19985323431e00,1.36795791626e02
9.84000000000e-01,1.35755181972e00,1.24794097900e02
9.87000000000e-01,1.23221739059e00,1.35598846436e02
9.89900000000e-01,1.21039361462e00,1.36648574829e02
9.92900000000e-01,1.36479879776e00,1.25109947205e02
9.95900000000e-01,1.19993127026e00,1.38127380371e02
9.98900000000e-01,1.25487277206e00,1.34769729614e02
1.00190000000e00,1.33327486358e00,1.26927009583e02
1.00490000000e00,1.19330891343e00,1.39506835938e02
1.00790000000e00,1.31448733765e00,1.27822029114e02
1.01090000000e00,1.27693445497e00,1.29554443359e02
1.01390000000e00,1.20018401090e00,1.39915908813e02
1.01700000000e00,1.47287470237e00,1.15703689575e02
1.02000000000e00,1.19984052033e00,1.39735946655e02
1.02310000000e00,1.21870347037e00,1.39549118042e02
1.02620000000e00,1.37312654286e00,1.22204734802e02
1.02920000000e00,1.17300028469e00,1.42438674927e02
1.03230000000e00,1.37670098871e00,1.23037498474e02
1.03540000000e00,1.23981313650e00,1.32914733887e02
1.03850000000e00,1.19731882416e00,1.41480285645e02
1.04170000000e00,1.52132752090e00,1.12640144348e02
1.04480000000e00,1.18604123719e00,1.43860931396e02
1.04790000000e00,1.19227893250e00,1.43025527954e02
1.05110000000e00,1.49626666921e00,1.12825073242e02
1.05420000000e00,1.18786939795e00,1.44735076904e02
1.05740000000e00,1.22823632515e00,1.35495285034e02
1.06050000000e00,1.56829813722e00,1.08806915283e02
1.06370000000e00,1.19085940596e00,1.44212585449e02
1.06690000000e00,1.20135758233e00,1.44642745972e02
1.07010000000e00,1.55252420549e00,1.09541816711e02
1.07330000000e00,1.19014632622e00,1.45678878784e02
1.07650000000e00,1.19966278768e00,1.44923141479e02
1.07980000000e00,1.52857983962e00,1.09894905090e02
1.08300000000e00,1.19847586806e00,1.46508087158e02
1.08630000000e00,1.20208635670e00,1.39111663818e02
1.08950000000e00,1.50713703448e00,1.10425048828e02
1.09280000000e00,1.22049415131e00,1.38123550415e02
1.09610000000e00,1.20537324709e00,1.47559204102e02
1.09940000000e00,1.48734491399e00,1.11238128662e02
1.10270000000e00,1.20871438799e00,1.39720001221e02
1.10600000000e00,1.18808226132e00,1.49391601563e02
1.10930000000e00,1.46276510750e00,1.12323455811e02
1.11260000000e00,1.24295311272e00,1.32620544434e02
1.11600000000e00,1.19355559430e00,1.40742614746e02
1.11930000000e00,1.44341500505e00,1.13258041382e02
1.12270000000e00,1.20448938041e00,1.42698562622e02
1.12600000000e00,1.27157874180e00,1.25146446228e02
1.12940000000e00,1.42450416447e00,1.14286964417e02
1.13280000000e00,1.20338413764e00,1.52501663208e02
1.13620000000e00,1.34860641906e00,1.18153350830e02
1.13960000000e00,1.34050050125e00,1.21079315186e02
1.14300000000e00,1.20902805235e00,1.53971832275e02
1.14650000000e00,1.32647281517e00,1.18471260071e02
1.14990000000e00,1.38083685689e00,1.16259407043e02
1.15330000000e00,1.22513530423e00,1.53860733032e02
1.15680000000e00,1.32331852878e00,1.18568603516e02
1.16030000000e00,1.35138928523e00,1.17522949219e02
1.16380000000e00,1.23805220516e00,1.31675506592e02
1.16720000000e00,1.21254629090e00,1.33331436157e02
1.17070000000e00,1.33214301316e00,1.18608345032e02
1.17430000000e00,1.33415884684e00,1.18496475220e02
1.17780000000e00,1.20976776201e00,1.48510574341e02
1.18130000000e00,1.32619343705e00,1.19351684570e02
1.18490000000e00,1.30208826621e00,1.19935523987e02
1.18840000000e00,1.22907837316e00,1.33453918457e02
1.19200000000e00,1.23956023625e00,1.33475128174e02
1.19560000000e00,1.28604618531e00,1.20892028809e02
1.19910000000e00,1.28555628167e00,1.20769470215e02
1.20270000000e00,1.24795715909e00,1.33841888428e02
1.20630000000e00,1.28688507297e00,1.21237380981e02
1.21000000000e00,1.24832438142e00,1.22347824097e02
1.21360000000e00,1.30580403678e00,1.20653900146e02
1.21720000000e00,1.24961957708e00,1.34256942749e02
1.22090000000e00,1.24338555859e00,1.22702934265e02
1.22460000000e00,1.25026632667e00,1.23296554565e02
1.22820000000e00,1.27342821000e00,1.27718215942e02
1.23190000000e00,1.25988912597e00,1.28059295654e02
1.23560000000e00,1.23169964865e00,1.24420974731e02
1.23930000000e00,1.24898014771e00,1.23978843689e02
1.24300000000e00,1.28224809957e00,1.27350173950e02
1.24680000000e00,1.25607308530e00,1.24126304626e02
1.25050000000e00,1.20862662127e00,1.25803352356e02
1.25430000000e00,1.25902370717e00,1.23525482178e02
1.25800000000e00,1.30372558211e00,1.27785140991e02
1.26180000000e00,1.20771625461e00,1.26048759460e02
1.26560000000e00,1.21402659972e00,1.26625953674e02
1.26940000000e00,1.32573748405e00,1.21935066223e02
1.27320000000e00,1.26827634149e00,1.23729873657e02
1.27700000000e00,1.19218754005e00,1.28350952148e02
1.28080000000e00,1.23077695015e00,1.26150985718e02
1.28470000000e00,1.38218926982e00,1.15690040588e02
1.28850000000e00,1.19500338112e00,1.28325897217e02
1.29240000000e00,1.17859962902e00,1.28710083008e02
1.29630000000e00,1.28604555235e00,1.23621269226e02
1.30020000000e00,1.35434238317e00,1.18097686768e02
1.30410000000e00,1.16923371752e00,1.29555419922e02
1.30800000000e00,1.18730767069e00,1.28068634033e02
1.31190000000e00,1.40529942971e00,1.17539421082e02
1.31580000000e00,1.19510187599e00,1.28455932617e02
1.31980000000e00,1.15583898145e00,1.30699798584e02
1.32370000000e00,1.23822680964e00,1.25958534241e02
1.32770000000e00,1.42599800840e00,1.13741409302e02
1.33170000000e00,1.15497038278e00,1.30712219238e02
1.33570000000e00,1.17055087912e00,1.30008834839e02
1.33970000000e00,1.49532363705e00,1.08370895386e02
1.34370000000e00,1.24376458213e00,1.26956710815e02
1.34780000000e00,1.14137726840e00,1.32003555298e02
1.35180000000e00,1.21303448197e00,1.27784225464e02
1.35590000000e00,1.47222230487e00,1.09805305481e02
1.35990000000e00,1.16919384540e00,1.31454483032e02
1.36400000000e00,1.14491200374e00,1.32614868164e02
1.36810000000e00,1.37083410028e00,1.11799255371e02
1.37220000000e00,1.40109746803e00,1.11735191345e02
1.37630000000e00,1.15682930420e00,1.32791748047e02
1.38040000000e00,1.15860892425e00,1.32780471802e02
1.38460000000e00,1.49156707457e00,1.05607772827e02
1.38870000000e00,1.26419057527e00,1.21058074951e02
1.39290000000e00,1.14746243465e00,1.34351943970e02
1.39710000000e00,1.18209443196e00,1.32119461060e02
1.40130000000e00,1.61108121424e00,1.00081016541e02
1.40550000000e00,1.20699594975e00,1.30549957275e02
1.40970000000e00,1.12863920842e00,1.36044250488e02
1.41390000000e00,1.19563332491e00,1.32694396973e02
1.41820000000e00,1.69079780721e00,9.59856338501e01
1.42240000000e00,1.18737825487e00,1.32558685303e02
1.42670000000e00,1.11917542122e00,1.37137207031e02
1.43100000000e00,1.21819379224e00,1.24014396667e02
1.43530000000e00,1.66548836545e00,9.64743576050e01
1.43960000000e00,1.19788760767e00,1.33908264160e02
1.44390000000e00,1.13132325952e00,1.38400741577e02
1.44820000000e00,1.28787330434e00,1.16448257446e02
1.45260000000e00,1.63592294559e00,9.66692733765e01
1.45690000000e00,1.20176944688e00,1.25871208191e02
1.46130000000e00,1.11925693662e00,1.39364959717e02
1.46570000000e00,1.22051984494e00,1.26292091370e02
1.47010000000e00,1.61515678026e00,9.72744293213e01
1.47450000000e00,1.19486738972e00,1.27496818542e02
1.47890000000e00,1.12648852150e00,1.40270782471e02
1.48340000000e00,1.24712999157e00,1.17470062256e02
1.48780000000e00,1.58371707579e00,9.79718170166e01
1.49230000000e00,1.44984863476e00,1.04208877563e02
1.49670000000e00,1.14433114477e00,1.41152770996e02
1.50120000000e00,1.14499721059e00,1.40945617676e02
1.50570000000e00,1.45409064924e00,1.01620437622e02
1.51030000000e00,1.54593629456e00,9.89467086792e01
1.51480000000e00,1.23489816429e00,1.21122123718e02
1.51930000000e00,1.14147178993e00,1.43857543945e02
1.52390000000e00,1.11507076581e00,1.36532882690e02
1.52850000000e00,1.51158555017e00,9.97395935059e01
1.53300000000e00,1.50682888588e00,9.99747695923e01
1.53760000000e00,1.17694455471e00,1.42367477417e02
1.54230000000e00,1.14649188276e00,1.44971878052e02
1.54690000000e00,1.34051619528e00,1.07382484436e02
1.55150000000e00,1.47756647559e00,1.00398033142e02
1.55620000000e00,1.36746931247e00,1.07246574402e02
1.56090000000e00,1.15819580503e00,1.46256774902e02
1.56550000000e00,1.23072534926e00,1.16653923035e02
1.57020000000e00,1.44041178537e00,1.01170669556e02
1.57490000000e00,1.42827093612e00,1.00976074219e02
1.57970000000e00,1.14744859176e00,1.36411926270e02
1.58440000000e00,1.16839671603e00,1.36096618652e02
1.58920000000e00,1.41598896463e00,1.01440979004e02
1.59390000000e00,1.39788808969e00,1.01653648376e02
1.59870000000e00,1.23684360007e00,1.17016571045e02
1.60350000000e00,1.18483712103e00,1.47867034912e02
1.60830000000e00,1.23441108483e00,1.17214485168e02
1.61310000000e00,1.37708159023e00,1.02060485840e02
1.61800000000e00,1.38043170726e00,1.02531036377e02
1.62280000000e00,1.23926023422e00,1.18025436401e02
1.62770000000e00,1.18393180403e00,1.48432586670e02
1.63260000000e00,1.28320245063e00,1.09858810425e02
1.63750000000e00,1.35274089736e00,1.03382598877e02
1.64240000000e00,1.35702694277e00,1.02712989807e02
1.64730000000e00,1.36070476379e00,1.02611747742e02
1.65230000000e00,1.17818178720e00,1.38619186401e02
1.65720000000e00,1.17634715895e00,1.38814285278e02
1.66220000000e00,1.34394282123e00,1.03269531250e02
1.66720000000e00,1.31079090718e00,1.03693550110e02
1.67220000000e00,1.33114781369e00,1.03105773926e02
1.67720000000e00,1.20941086256e00,1.31651062012e02
1.68220000000e00,1.17421930999e00,1.29581451416e02
1.68730000000e00,1.32170656989e00,1.03475311279e02
1.69230000000e00,1.28464734106e00,1.03917785645e02
1.69740000000e00,1.31487361641e00,1.03236228943e02
1.70250000000e00,1.21836426875e00,1.35007095337e02
1.70760000000e00,1.20818097966e00,1.19968696594e02
1.71270000000e00,1.30026253098e00,1.03940406799e02
1.71790000000e00,1.27193755603e00,1.04446151733e02
1.72300000000e00,1.28424367921e00,1.04118270874e02
1.72820000000e00,1.28179197435e00,1.10309181213e02
1.73340000000e00,1.25699808867e00,1.47790084839e02
1.73860000000e00,1.32060200056e00,1.03873313904e02
1.74380000000e00,1.26956211853e00,1.04857192993e02
1.74900000000e00,1.25614539480e00,1.04988082886e02
1.75430000000e00,1.28827796404e00,1.04191955566e02
1.75960000000e00,1.18789019845e00,1.30621429443e02
1.76480000000e00,1.21556537269e00,1.29708206177e02
1.77010000000e00,1.29513306188e00,1.04875663757e02
1.77540000000e00,1.24594950669e00,1.05936477661e02
1.78080000000e00,1.24513045864e00,1.05904205322e02
1.78610000000e00,1.28289067547e00,1.05028564453e02
1.79150000000e00,1.19785815135e00,1.31013580322e02
1.79680000000e00,1.24325476841e00,1.12450141907e02
1.80220000000e00,1.24400896166e00,1.05771263123e02
1.80760000000e00,1.20697690994e00,1.06791206360e02
1.81310000000e00,1.21606244974e00,1.06809486389e02
1.81850000000e00,1.27579933835e00,1.05950561523e02
1.82400000000e00,1.23033742816e00,1.22082839966e02
1.82940000000e00,1.28084989814e00,1.05604652405e02
1.83490000000e00,1.21407461310e00,1.07518470764e02
1.84040000000e00,1.18113039410e00,1.08426757813e02
1.84590000000e00,1.19013511149e00,1.08321197510e02
1.85150000000e00,1.23600991038e00,1.07137435913e02
1.85700000000e00,1.26079456036e00,1.13603004456e02
1.86260000000e00,1.24374807530e00,1.11811729431e02
1.86820000000e00,1.22073537208e00,1.08503501892e02
1.87380000000e00,1.17190702630e00,1.09930076599e02
1.87940000000e00,1.16991501467e00,1.09878273010e02
1.88510000000e00,1.20930319680e00,1.08871070862e02
1.89070000000e00,1.27899143048e00,1.06867713928e02
1.89640000000e00,1.36032807260e00,1.00190780640e02
1.90210000000e00,1.27168790104e00,1.07951293945e02
1.90780000000e00,1.19057024944e00,1.10419876099e02
1.91350000000e00,1.14404410985e00,1.11823005676e02
1.91930000000e00,1.13913138855e00,1.12130302429e02
1.92500000000e00,1.17492502829e00,1.10968948364e02
1.93080000000e00,1.25358134374e00,1.08308555603e02
1.93660000000e00,1.54590722304e00,9.16665725708e01
1.94240000000e00,1.27696567112e00,1.08381599426e02
1.94820000000e00,1.17482501594e00,1.11435775757e02
1.95410000000e00,1.12209253772e00,1.13090011597e02
1.95990000000e00,1.10009765869e00,1.13894363403e02
1.96580000000e00,1.10600054732e00,1.13681144714e02
1.97170000000e00,1.16443418998e00,1.12109298706e02
1.97760000000e00,1.31489051477e00,1.08022834778e02
1.98360000000e00,1.77712441411e00,8.07514877319e01
1.98950000000e00,1.23249007793e00,1.09905876160e02
1.99550000000e00,1.13594752953e00,1.12933189392e02
2.00150000000e00,1.10247475031e00,1.14867828369e02
2.00750000000e00,1.08421522065e00,1.15874420166e02
2.01350000000e00,1.09490008754e00,1.15409057617e02
2.01950000000e00,1.14009025866e00,1.13561523438e02
2.02560000000e00,1.33615157168e00,1.00429351807e02
2.03170000000e00,1.89342452359e00,7.64378051758e01
2.03780000000e00,1.22463953044e00,1.11105331421e02
2.04390000000e00,1.12333826226e00,1.14569427490e02
2.05000000000e00,1.07886549136e00,1.16340446472e02
2.05620000000e00,1.05923703836e00,1.17115264893e02
2.06230000000e00,1.07395162961e00,1.16123138428e02
2.06850000000e00,1.15294719079e00,1.12959732056e02
2.07470000000e00,1.46990030309e00,9.16760101318e01
2.08090000000e00,1.80563173284e00,7.85791015625e01
2.08720000000e00,1.19611791979e00,1.12093513489e02
2.09340000000e00,1.09073030667e00,1.16078994751e02
2.09970000000e00,1.05827571825e00,1.17793846130e02
2.10600000000e00,1.05246332309e00,1.17826889038e02
2.11230000000e00,1.07520995436e00,1.16727447510e02
2.11870000000e00,1.15196404574e00,1.13283607483e02
2.12500000000e00,1.56078182260e00,8.54055404663e01
2.13140000000e00,1.84509673120e00,7.46200866699e01
2.13780000000e00,1.21568407083e00,1.11883720398e02
2.14420000000e00,1.10313616573e00,1.16494224548e02
2.15070000000e00,1.05502844183e00,1.19051544189e02
2.15710000000e00,1.05325776497e00,1.19188346863e02
2.16360000000e00,1.07401756149e00,1.18094635010e02
2.17010000000e00,1.17198343120e00,1.13970916748e02
2.17660000000e00,1.81266452404e00,7.44573745728e01
2.18310000000e00,1.82018853572e00,7.43956451416e01
2.18970000000e00,1.25173211567e00,1.02983131409e02
2.19620000000e00,1.08168408824e00,1.17800025940e02
2.20280000000e00,1.03355093555e00,1.20539260864e02
2.20940000000e00,1.03504719538e00,1.20724472046e02
2.21610000000e00,1.08253841810e00,1.18354019165e02
2.22270000000e00,1.30899399528e00,9.27072753906e01
2.22940000000e00,1.79095365874e00,7.45054626465e01
2.23610000000e00,1.77963634052e00,7.45454635620e01
2.24280000000e00,1.31641031418e00,9.53214721680e01
2.24950000000e00,1.09330985665e00,1.19637298584e02
2.25630000000e00,1.03821617932e00,1.22739669800e02
2.26300000000e00,1.02868631053e00,1.23184135437e02
2.26980000000e00,1.06809188122e00,1.21179763794e02
2.27660000000e00,1.21029043623e00,9.77584609985e01
2.28350000000e00,1.73387619537e00,7.46122741699e01
2.29030000000e00,1.74076189389e00,7.45445556641e01
2.29720000000e00,1.69153089308e00,7.44709243774e01
2.30410000000e00,1.20778621490e00,1.06369720459e02
2.31100000000e00,1.08326043684e00,1.21655746460e02
2.31790000000e00,1.03687222479e00,1.24457092285e02
2.32490000000e00,1.01039097162e00,1.26065521240e02
2.33180000000e00,1.04684433311e00,1.25359001160e02
2.33880000000e00,1.12499435356e00,1.20438346863e02
2.34590000000e00,1.64628245283e00,7.36592407227e01
2.35290000000e00,1.67946435883e00,7.36083831787e01
2.36000000000e00,1.67019655897e00,7.33460922241e01
2.36700000000e00,1.64443691889e00,7.31434631348e01
2.37410000000e00,1.33142780750e00,9.26765975952e01
2.38130000000e00,1.09032623878e00,1.22609489441e02
2.38840000000e00,1.03140636634e00,1.26059127808e02
2.39560000000e00,1.01830322299e00,1.27132461548e02
2.40280000000e00,1.04655718336e00,1.24668365479e02
2.41000000000e00,1.22568785973e00,9.65849838257e01
2.41720000000e00,1.63570772539e00,7.27304840088e01
2.42440000000e00,1.64009628809e00,7.28021316528e01
2.43170000000e00,1.63931879208e00,7.25340957642e01
2.43900000000e00,1.60977442801e00,7.25060653687e01
2.44630000000e00,1.56666369806e00,7.25816268921e01
2.45370000000e00,1.27472297707e00,8.81362838745e01
2.46100000000e00,1.07779212502e00,1.24355392456e02
2.46840000000e00,1.02810438175e00,1.27156455994e02
2.47580000000e00,1.02288592828e00,1.28167160034e02
2.48330000000e00,1.07109978492e00,1.24406982422e02
2.49070000000e00,1.13880257715e00,1.21805931091e02
2.49820000000e00,1.15021349233e00,1.21292221069e02
2.50570000000e00,1.15757576249e00,1.20895683289e02
2.51320000000e00,1.25395176179e00,8.26888351440e01
2.52070000000e00,1.53216819624e00,7.24224624634e01
2.52830000000e00,1.54343910322e00,7.22480850220e01
2.53590000000e00,1.55333374718e00,7.23899765015e01
2.54350000000e00,1.55399045985e00,7.26095733643e01
2.55110000000e00,1.53245563099e00,7.15206756592e01
2.55880000000e00,1.48432926308e00,7.14646224976e01
2.56640000000e00,1.44800173220e00,7.19076309204e01
2.57410000000e00,1.44163333006e00,7.19018630981e01
2.58190000000e00,1.43526713247e00,7.16690139771e01
2.58960000000e00,1.12654884402e00,1.00007080078e02
2.59740000000e00,1.13437692596e00,1.25199783325e02
2.60520000000e00,1.13225043868e00,1.25604949951e02
2.61300000000e00,1.13420144712e00,1.25473991394e02
2.62080000000e00,1.11801052937e00,1.25952987671e02
2.62870000000e00,1.04811724238e00,1.30353805542e02
2.63660000000e00,1.04042489339e00,1.31640045166e02
2.64450000000e00,1.05801983598e00,1.31933166504e02
2.65240000000e00,1.06337035887e00,1.30914001465e02
2.66040000000e00,1.14575513458e00,8.97240600586e01
2.66840000000e00,1.41243815097e00,7.12736206055e01
2.67640000000e00,1.40652069659e00,7.11096191406e01
2.68440000000e00,1.40246601589e00,7.10990371704e01
2.69250000000e00,1.39770619167e00,7.10074615479e01
2.70050000000e00,1.38949162046e00,7.06054229736e01
2.70860000000e00,1.41416875676e00,7.12231903076e01
2.71680000000e00,1.43654041386e00,7.11575164795e01
2.72490000000e00,1.42175731018e00,7.00193939209e01
2.73310000000e00,1.41568731430e00,6.96107101440e01
2.74130000000e00,1.40605759383e00,7.05828857422e01
2.74950000000e00,1.39656776216e00,7.01271896362e01
2.75780000000e00,1.39478494970e00,7.01943206787e01
2.76600000000e00,1.38946087444e00,6.99946289063e01
2.77430000000e00,1.38476446473e00,6.97687377930e01
2.78270000000e00,1.36200970705e00,6.96019058228e01
2.79100000000e00,1.06356425524e00,1.16640411377e02
2.79940000000e00,1.09466222709e00,1.33721435547e02
2.80780000000e00,1.03748713667e00,1.18744621277e02
2.81620000000e00,1.32835645181e00,6.97920303345e01
2.82470000000e00,1.32958986178e00,6.96632080078e01
2.83310000000e00,1.33294013837e00,6.99065322876e01
2.84160000000e00,1.32583961644e00,6.94112701416e01
2.85020000000e00,1.31581758980e00,6.91816253662e01
2.85870000000e00,1.32431276471e00,6.86865615845e01
2.86730000000e00,1.32627555378e00,6.85675277710e01
2.87590000000e00,1.33043899866e00,6.79680099487e01
2.88450000000e00,1.32780201115e00,6.76010284424e01
2.89320000000e00,1.30750008267e00,6.81086425781e01
2.90180000000e00,1.00765444711e00,1.05136924744e02
2.91060000000e00,1.14401224973e00,1.34198638916e02
2.91930000000e00,1.15049409276e00,1.34315002441e02
2.92800000000e00,1.16376584220e00,1.33537002563e02
2.93680000000e00,1.16499938363e00,1.33428878784e02
2.94560000000e00,1.15192422064e00,1.33406219482e02
2.95450000000e00,1.09146501405e00,7.85304565430e01
2.96330000000e00,1.24212041466e00,6.80155792236e01
2.97220000000e00,1.23643468069e00,6.77253799438e01
2.98120000000e00,1.22813806896e00,6.70917510986e01
2.99010000000e00,1.19428125593e00,6.73503494263e01
2.99910000000e00,1.11594376360e00,8.85531387329e01
3.00810000000e00,1.22909351213e00,1.30591491699e02
3.01710000000e00,1.25128965677e00,1.29175003052e02
3.02610000000e00,1.10850568283e00,1.20564064026e02
3.03520000000e00,1.24538508041e00,1.29859451294e02
3.04430000000e00,1.04951153457e00,9.15085678101e01
3.05350000000e00,1.23263231509e00,6.56223678589e01
3.06260000000e00,1.24426602410e00,6.59601364136e01
3.07180000000e00,1.22690131771e00,6.64182968140e01
3.08100000000e00,1.04189238854e00,9.16667785645e01
3.09030000000e00,9.97692339162e-01,1.08558341980e02
3.09950000000e00,1.14743162947e00,6.62440795898e01
3.10880000000e00,1.17525322435e00,6.67566833496e01
3.11820000000e00,1.16655467482e00,6.64527206421e01
3.12750000000e00,1.16074085710e00,6.60855026245e01
3.13690000000e00,1.15912144473e00,6.58886413574e01
3.14630000000e00,1.18544611273e00,6.47914047241e01
3.15580000000e00,1.18751907324e00,6.46380233765e01
3.16520000000e00,1.17526338560e00,6.51074600220e01
3.17470000000e00,9.96556279676e-01,7.85866394043e01
3.18420000000e00,1.13301144101e00,6.52598800659e01
3.19380000000e00,1.14973617059e00,6.56941833496e01
3.20340000000e00,1.14170210714e00,6.54999465942e01
3.21300000000e00,1.13122634615e00,6.48687057495e01
3.22260000000e00,1.11637222792e00,6.38561744690e01
3.23230000000e00,1.11668399348e00,6.42910308838e01
3.24200000000e00,1.13107306384e00,6.32955131531e01
3.25170000000e00,1.11353775748e00,6.36160812378e01
3.26150000000e00,1.09968785630e00,6.40207519531e01
3.27130000000e00,1.04067197517e00,6.42533340454e01
3.28110000000e00,1.08018671921e00,6.42962036133e01
3.29090000000e00,1.08776639878e00,6.39509963989e01
3.30080000000e00,1.07369996165e00,6.32538070679e01
3.31070000000e00,1.07868043234e00,6.36013183594e01
3.32060000000e00,1.06876558889e00,6.31269989014e01
3.33060000000e00,1.05072878601e00,6.25678329468e01
3.34060000000e00,1.07089741273e00,6.24675903320e01
3.35060000000e00,1.07957181187e00,6.25186576843e01
3.36070000000e00,1.06791860424e00,6.29349021912e01
3.37070000000e00,9.98392341555e-01,6.32488021851e01
3.38090000000e00,1.02334171034e00,6.27242698669e01
3.39100000000e00,1.03262845832e00,6.28287544250e01
3.40120000000e00,1.03130077409e00,6.26045684814e01
3.41140000000e00,1.03233168101e00,6.30152816772e01
3.42160000000e00,1.00388842366e00,6.13526916504e01
3.43190000000e00,1.01516212737e00,6.14921264648e01
3.44220000000e00,9.94983204093e-01,6.14298324585e01
3.45250000000e00,1.01685060669e00,6.07594718933e01
3.46290000000e00,1.02069942279e00,6.14704589844e01
3.47330000000e00,9.55526291233e-01,6.25528602600e01
3.48370000000e00,9.87666395802e-01,6.15876808167e01
3.49410000000e00,9.67997101575e-01,6.07678070068e01
3.50460000000e00,9.68937389950e-01,6.07449722290e01
3.51510000000e00,9.84076639427e-01,6.16895713806e01
3.52570000000e00,9.75998078532e-01,6.16855201721e01
3.53620000000e00,9.60436499436e-01,6.02757835388e01
3.54690000000e00,9.70061700700e-01,6.00153579712e01
3.55750000000e00,9.59104896270e-01,5.98066291809e01
3.56820000000e00,9.56686992932e-01,5.98085327148e01
3.57890000000e00,9.40527290757e-01,5.84824676514e01
3.58960000000e00,9.53959946102e-01,5.84075088501e01
3.60040000000e00,9.57176182706e-01,5.90625152588e01
3.61120000000e00,9.48102455412e-01,6.00281333923e01
3.62200000000e00,8.48822344001e-01,5.97989654541e01
3.63290000000e00,8.68203834422e-01,6.04923019409e01
3.64380000000e00,8.99915285767e-01,6.02546081543e01
3.65470000000e00,8.95115915244e-01,6.04024353027e01
3.66570000000e00,8.81237745286e-01,5.92129402161e01
3.67670000000e00,8.77297695517e-01,5.92122688293e01
3.68770000000e00,8.91583486744e-01,5.89297637939e01
3.69880000000e00,8.80923048856e-01,5.85877494812e01
3.70990000000e00,8.72173494449e-01,5.79903221130e01
3.72100000000e00,8.75097397480e-01,5.76199188232e01
3.73220000000e00,8.75790804726e-01,5.65224494934e01
3.74340000000e00,8.84778845641e-01,5.89648056030e01
3.75460000000e00,8.87638625229e-01,5.91935958862e01
3.76590000000e00,8.78354160630e-01,5.89216156006e01
3.77720000000e00,8.62907713744e-01,5.82649002075e01
3.78850000000e00,8.53112602942e-01,5.75632324219e01
3.79990000000e00,8.52789241005e-01,5.74480094910e01
3.81130000000e00,7.63432106795e-01,5.66183929443e01
3.82270000000e00,8.37166630851e-01,5.65257606506e01
3.83420000000e00,8.26364905523e-01,5.60988349915e01
3.84570000000e00,8.33518102623e-01,5.57154464722e01
3.85720000000e00,8.43243527611e-01,5.56365051270e01
3.86880000000e00,8.34764988904e-01,5.59037818909e01
3.88040000000e00,7.65254720419e-01,5.72901039124e01
3.89200000000e00,8.01890085369e-01,5.70703926086e01
3.90370000000e00,8.31028313979e-01,5.75899467468e01
3.91540000000e00,8.30318176621e-01,5.76531753540e01
3.92720000000e00,8.07231005336e-01,5.61750221252e01
3.93890000000e00,7.95718206248e-01,5.55177688599e01
3.95080000000e00,7.96991287955e-01,5.55384483337e01
3.96260000000e00,7.98164757957e-01,5.44661331177e01
3.97450000000e00,8.02692562095e-01,5.37310600281e01
3.98640000000e00,8.05095813426e-01,5.41341781616e01
3.99840000000e00,5.92521396953e-01,5.75734214783e01
4.01040000000e00,7.73750619894e-01,5.61586799622e01
4.02240000000e00,7.74449775661e-01,5.67463188171e01
4.03450000000e00,7.58107709983e-01,5.60246124268e01
4.04660000000e00,7.60070534158e-01,5.56821670532e01
4.05870000000e00,7.68122029705e-01,5.59301643372e01
4.07090000000e00,7.69176684186e-01,5.61063270569e01
4.08310000000e00,7.56234972538e-01,5.53675918579e01
4.09540000000e00,7.37991655259e-01,5.42570762634e01
4.10770000000e00,7.35862289449e-01,5.40938568115e01
4.12000000000e00,7.21920836130e-01,5.22620468140e01
4.13230000000e00,7.14564514308e-01,5.31907577515e01
4.14470000000e00,7.27244942139e-01,5.36713447571e01
4.15720000000e00,7.37054869346e-01,5.30112380981e01
4.16960000000e00,6.06550088715e-01,5.67333602905e01
4.18220000000e00,7.22752744239e-01,5.42993965149e01
4.19470000000e00,7.24960526028e-01,5.41708068848e01
4.20730000000e00,7.27115632084e-01,5.43936996460e01
4.21990000000e00,7.13432108165e-01,5.41781387329e01
4.23260000000e00,7.09743999476e-01,5.34824142456e01
4.24530000000e00,7.01251052641e-01,5.30328102112e01
4.25800000000e00,6.82902994771e-01,5.18365974426e01
4.27080000000e00,6.86440440157e-01,5.19806175232e01
4.28360000000e00,6.79763073913e-01,5.18511810303e01
4.29640000000e00,6.82062018762e-01,5.16803588867e01
4.30930000000e00,6.67701755628e-01,4.95888710022e01
4.32230000000e00,6.58845592017e-01,5.12207603455e01
4.33520000000e00,6.84373876489e-01,4.95821685791e01
4.34820000000e00,4.75796694356e-01,6.25760917664e01
4.36130000000e00,6.98373054729e-01,5.37666206360e01
4.37440000000e00,6.68763505883e-01,5.27500343323e01
4.38750000000e00,6.58818904304e-01,5.26339874268e01
4.40070000000e00,6.57630945181e-01,5.22266082764e01
4.41390000000e00,6.54159692120e-01,5.19168701172e01
4.42710000000e00,6.60733629174e-01,5.26083145142e01
4.44040000000e00,6.56303005752e-01,5.24402046204e01
4.45370000000e00,6.40947963566e-01,5.14956092834e01
4.46710000000e00,6.28712987442e-01,5.08898200989e01
4.48050000000e00,6.17586164390e-01,5.01905746460e01
4.49390000000e00,6.12817662089e-01,4.99891700745e01
4.50740000000e00,6.11597301383e-01,4.99996795654e01
4.52090000000e00,6.05481887242e-01,4.96090965271e01
4.53450000000e00,6.04548759521e-01,4.86183624268e01
4.54810000000e00,6.25810128312e-01,4.71565895081e01
4.56170000000e00,6.10408353936e-01,4.76839027405e01
4.57540000000e00,6.21687299178e-01,4.91204185486e01
4.58910000000e00,6.33346990130e-01,4.97194442749e01
4.60290000000e00,6.06908563139e-01,5.03537063599e01
4.61670000000e00,6.11604277511e-01,5.09385643005e01
4.63060000000e00,6.02932560957e-01,5.06585617065e01
4.64450000000e00,5.75905956521e-01,4.86297760010e01
4.65840000000e00,5.72921268980e-01,4.86426887512e01
4.67240000000e00,5.68217634845e-01,4.82664985657e01
4.68640000000e00,5.64630583656e-01,4.81121482849e01
4.70050000000e00,5.61843997087e-01,4.79852867126e01
4.71460000000e00,5.58338888188e-01,4.79018821716e01
4.72870000000e00,5.60657527603e-01,4.81216659546e01
4.74290000000e00,5.49995019901e-01,4.63899497986e01
4.75710000000e00,5.47029696275e-01,4.74551506042e01
4.77140000000e00,5.65612423370e-01,4.64068527222e01
4.78570000000e00,5.54867351482e-01,4.69992828369e01
4.80010000000e00,5.74492990189e-01,4.89133377075e01
4.81450000000e00,5.61133516539e-01,4.81085548401e01
4.82890000000e00,5.58144761913e-01,4.90357551575e01
4.84340000000e00,5.54972273497e-01,4.79631042480e01
4.85790000000e00,5.59540734937e-01,4.85155868530e01
4.87250000000e00,5.62003722533e-01,4.87990493774e01
4.88710000000e00,5.58074780822e-01,4.86104202271e01
4.90180000000e00,5.41013025402e-01,4.75454940796e01
4.91650000000e00,5.43928210663e-01,4.74914932251e01
4.93120000000e00,5.32455206148e-01,4.68311614990e01
4.94600000000e00,5.25234451034e-01,4.64350814819e01
4.96090000000e00,5.16662468740e-01,4.59278068542e01
4.97580000000e00,5.10933503244e-01,4.48133049011e01
4.99070000000e00,5.04978560100e-01,4.53821258545e01
5.00570000000e00,5.08613077998e-01,4.49042396545e01
5.02070000000e00,5.06688215570e-01,4.56020240784e01
5.03570000000e00,5.02330585590e-01,4.54303474426e01
5.05090000000e00,4.94897090157e-01,4.49389648438e01
5.06600000000e00,4.94426918805e-01,4.45471763611e01
5.08120000000e00,5.02117833223e-01,4.70520019531e01
5.09650000000e00,4.93781259031e-01,4.46975822449e01
5.11170000000e00,4.95493766972e-01,4.59375267029e01
5.12710000000e00,4.92480171965e-01,4.60552902222e01
5.14250000000e00,4.98220106488e-01,4.63446922302e01
5.15790000000e00,4.96712544161e-01,4.63816261292e01
5.17340000000e00,4.84433182560e-01,4.57609634399e01
5.18890000000e00,4.70524417860e-01,4.45616989136e01
5.20450000000e00,4.75147474873e-01,4.49580612183e01
5.22010000000e00,4.66214594295e-01,4.45575752258e01
5.23570000000e00,4.64183795608e-01,4.41886482239e01
5.25140000000e00,4.59424039606e-01,4.40454177856e01
5.26720000000e00,4.53445603542e-01,4.36761741638e01
5.28300000000e00,4.48527524428e-01,4.31596755981e01
5.29890000000e00,4.44195545914e-01,4.30608596802e01
5.31470000000e00,4.43180767803e-01,4.30866889954e01
5.33070000000e00,4.41187607596e-01,4.21863059998e01
5.34670000000e00,4.47385272152e-01,4.32703208923e01
5.36270000000e00,4.37398050301e-01,4.33866653442e01
5.37880000000e00,4.29888654536e-01,4.25004234314e01
5.39500000000e00,4.31609140414e-01,4.29236679077e01
5.41110000000e00,4.36681511627e-01,4.47068672180e01
5.42740000000e00,4.37350431477e-01,4.23513755798e01
5.44370000000e00,4.36256816653e-01,4.35956840515e01
5.46000000000e00,4.40110940426e-01,4.38207359314e01
5.47640000000e00,4.37021256023e-01,4.37436447144e01
5.49280000000e00,4.26167684818e-01,4.31165771484e01
5.50930000000e00,4.10675483205e-01,4.17509193420e01
5.52580000000e00,4.10144305558e-01,4.17776794434e01
5.54240000000e00,4.06986459019e-01,4.15257148743e01
5.55900000000e00,4.04466852077e-01,4.14078254700e01
5.57570000000e00,4.01185130000e-01,4.13921318054e01
5.59240000000e00,4.01061420489e-01,4.14024887085e01
5.60920000000e00,3.98205539919e-01,4.12866287231e01
5.62600000000e00,3.92625337397e-01,4.08696556091e01
5.64290000000e00,3.91427814316e-01,4.09856681824e01
5.65980000000e00,3.84503958287e-01,4.14993324280e01
5.67680000000e00,3.85214417823e-01,4.03020896912e01
5.69390000000e00,3.81127662944e-01,4.00570831299e01
5.71090000000e00,3.74902235042e-01,3.93984756470e01
5.72810000000e00,3.73646255399e-01,3.92554588318e01
5.74530000000e00,3.77824341565e-01,4.10419273376e01
5.76250000000e00,3.81967800041e-01,4.04073905945e01
5.77980000000e00,3.86305598910e-01,4.13100204468e01
5.79710000000e00,3.85705101601e-01,4.10741844177e01
5.81450000000e00,3.81557690379e-01,4.10384712219e01
5.83200000000e00,3.85075230656e-01,4.15902748108e01
5.84950000000e00,3.83302150358e-01,4.06007423401e01
5.86700000000e00,3.84786398516e-01,4.10613021851e01
5.88460000000e00,3.83456908708e-01,4.10800933838e01
5.90230000000e00,3.81445077892e-01,4.09810600281e01
5.92000000000e00,3.78470677623e-01,4.07112197876e01
5.93770000000e00,3.74028428238e-01,4.02659492493e01
5.95550000000e00,3.63431672934e-01,3.94609336853e01
5.97340000000e00,3.65629212886e-01,3.99105110168e01
5.99130000000e00,3.57047862810e-01,3.89352912903e01
6.00930000000e00,3.53280174513e-01,3.84066276550e01
6.02730000000e00,3.53928563411e-01,3.85663299561e01
6.04540000000e00,3.51880944246e-01,3.83304824829e01
6.06360000000e00,3.49594007173e-01,3.82700424194e01
6.08180000000e00,3.42089487368e-01,3.77789192200e01
6.10000000000e00,3.44050683495e-01,3.79934043884e01
6.11830000000e00,3.40944705505e-01,3.78840751648e01
6.13670000000e00,3.38751888914e-01,3.78348960876e01
6.15510000000e00,3.36901108657e-01,3.74153823853e01
6.17350000000e00,3.34979657211e-01,3.74837493896e01
6.19210000000e00,3.33676165027e-01,3.74213066101e01
6.21060000000e00,3.26697531793e-01,3.68524055481e01
6.22930000000e00,3.28971060306e-01,3.65417404175e01
6.24800000000e00,3.22287917964e-01,3.62428741455e01
6.26670000000e00,3.37218950063e-01,3.56953430176e01
6.28550000000e00,3.39765572619e-01,3.87592620850e01
6.30440000000e00,3.38051727688e-01,3.81283493042e01
6.32330000000e00,3.34409892439e-01,3.79511032104e01
6.34230000000e00,3.36148543800e-01,3.81965370178e01
6.36130000000e00,3.34209622767e-01,3.81316108704e01
6.38040000000e00,3.28256327486e-01,3.75647392273e01
6.39950000000e00,3.29034008426e-01,3.77639656067e01
6.41870000000e00,3.19681614430e-01,3.72067413330e01
6.43800000000e00,3.14734334010e-01,3.64339599609e01
6.45730000000e00,3.15578433966e-01,3.70261039734e01
6.47670000000e00,3.08238913355e-01,3.56853332520e01
6.49610000000e00,3.07026229325e-01,3.60155143738e01
6.51560000000e00,3.05354255225e-01,3.59629173279e01
6.53510000000e00,3.00399222380e-01,3.56930351257e01
6.55470000000e00,3.03838130563e-01,3.58422279358e01
6.57440000000e00,2.99869435544e-01,3.56780166626e01
6.59410000000e00,2.93709668826e-01,3.50006713867e01
6.61390000000e00,2.88860721013e-01,3.46142311096e01
6.63370000000e00,2.87203965473e-01,3.45941467285e01
6.65360000000e00,2.85152248586e-01,3.42122039795e01
6.67360000000e00,2.86801063269e-01,3.45198822021e01
6.69360000000e00,2.89807739105e-01,3.54778747559e01
6.71370000000e00,2.87279241515e-01,3.42413787842e01
6.73390000000e00,2.80398026238e-01,3.40347900391e01
6.75410000000e00,2.79100923518e-01,3.39687614441e01
6.77430000000e00,2.77868260668e-01,3.38219299316e01
6.79470000000e00,2.74996533086e-01,3.35225028992e01
6.81500000000e00,2.71332453856e-01,3.30880584717e01
6.83550000000e00,2.67030605789e-01,3.27627258301e01
6.85600000000e00,2.84865161414e-01,3.23639984131e01
6.87660000000e00,2.71215885356e-01,3.40996894836e01
6.89720000000e00,2.29851932954e-01,3.20588684082e01
6.91790000000e00,2.61488009264e-01,3.43620910645e01
6.93860000000e00,2.64534864852e-01,3.49584808350e01
6.95950000000e00,2.62992002602e-01,3.49637031555e01
6.98030000000e00,2.61350914087e-01,3.48365592957e01
7.00130000000e00,2.60098121645e-01,3.47284584045e01
7.02230000000e00,2.59001143830e-01,3.45919494629e01
7.04340000000e00,2.57603683754e-01,3.43504066467e01
7.06450000000e00,2.56285160876e-01,3.42549247742e01
7.08570000000e00,2.54991272124e-01,3.40053329468e01
7.10690000000e00,2.50459923489e-01,3.34984207153e01
7.12830000000e00,2.42680616817e-01,3.23595771790e01
7.14960000000e00,2.40121625965e-01,3.20775184631e01
7.17110000000e00,2.38787137252e-01,3.20302047729e01
7.19260000000e00,2.38617193634e-01,3.20495452881e01
7.21420000000e00,2.41719597098e-01,3.22949180603e01
7.23580000000e00,2.37345886506e-01,3.23581771851e01
7.25750000000e00,2.37099438280e-01,3.18479156494e01
7.27930000000e00,2.35782639098e-01,3.16613769531e01
7.30120000000e00,2.35011666936e-01,3.17192440033e01
7.32310000000e00,2.34080153557e-01,3.15308284760e01
7.34500000000e00,2.33191069639e-01,3.14954509735e01
7.36710000000e00,2.31571834188e-01,3.13898544312e01
7.38920000000e00,2.29758926318e-01,3.11520557404e01
7.41130000000e00,2.28301160711e-01,3.09540538788e01
7.43360000000e00,2.27247224799e-01,3.08018512726e01
7.45590000000e00,2.27147387712e-01,3.05911273956e01
7.47830000000e00,2.26968441461e-01,3.07909927368e01
7.50070000000e00,2.26652500112e-01,3.08566284180e01
7.52320000000e00,2.25680806321e-01,3.07498798370e01
7.54580000000e00,2.25388465284e-01,3.06684265137e01
7.56840000000e00,2.24292335192e-01,3.04792346954e01
7.59110000000e00,2.23520779172e-01,3.03266220093e01
7.61390000000e00,2.22212919762e-01,3.03601074219e01
7.63670000000e00,2.20183101645e-01,3.00699768066e01
7.65960000000e00,2.18385502415e-01,2.98379554749e01
7.68260000000e00,2.14631619515e-01,2.96504058838e01
7.70570000000e00,2.12176967646e-01,2.94087238312e01
7.72880000000e00,2.10193242323e-01,2.84328899384e01
7.75200000000e00,2.16307078434e-01,3.07650356293e01
7.77520000000e00,2.18926953716e-01,3.14109935760e01
7.79860000000e00,2.19868013043e-01,3.14520378113e01
7.82200000000e00,2.19222479654e-01,3.13837718964e01
7.84540000000e00,2.16594764345e-01,3.13069820404e01
7.86900000000e00,2.15467508600e-01,3.12689266205e01
7.89260000000e00,2.14528250221e-01,3.10572929382e01
7.91630000000e00,2.13124324769e-01,3.09535903931e01
7.94000000000e00,2.11260987800e-01,3.07708435059e01
7.96380000000e00,2.09103465664e-01,3.05712165833e01
7.98770000000e00,2.07020335212e-01,3.02255840302e01
8.01170000000e00,1.99544554751e-01,2.96196041107e01
8.03570000000e00,1.93854607240e-01,2.88651218414e01
8.05980000000e00,1.91768700128e-01,2.83316040039e01
8.08400000000e00,1.91890395480e-01,2.86852130890e01
8.10830000000e00,1.89132492976e-01,2.80280990601e01
8.13260000000e00,1.88447603367e-01,2.83006591797e01
8.15700000000e00,1.89823531798e-01,2.78465003967e01
8.18150000000e00,1.87240962302e-01,2.85868034363e01
8.20600000000e00,1.89819036847e-01,2.79906406403e01
8.23060000000e00,1.86885225895e-01,2.78472080231e01
8.25530000000e00,1.84738793649e-01,2.73739528656e01
8.28010000000e00,1.84884272912e-01,2.79659671783e01
8.30490000000e00,1.85410951226e-01,2.74824752808e01
8.32980000000e00,1.81703601854e-01,2.75607337952e01
8.35480000000e00,1.83998046553e-01,2.75281391144e01
8.37990000000e00,1.83991569185e-01,2.74224224091e01
8.40500000000e00,1.82283172267e-01,2.72488441467e01
8.43030000000e00,1.80569296914e-01,2.70367126465e01
8.45560000000e00,1.77552785440e-01,2.65035667419e01
8.48090000000e00,1.75936177371e-01,2.62584400177e01
8.50640000000e00,1.74993353818e-01,2.62115249634e01
8.53190000000e00,1.73131444946e-01,2.59804000854e01
8.55750000000e00,1.71336719229e-01,2.58120727539e01
8.58320000000e00,1.69893713956e-01,2.56407737732e01
8.60890000000e00,1.70268058767e-01,2.57461128235e01
8.63470000000e00,1.72088734238e-01,2.59300365448e01
8.66070000000e00,1.68647982573e-01,2.56528549194e01
8.68660000000e00,1.67392473591e-01,2.56888389587e01
8.71270000000e00,1.67689516688e-01,2.58148193359e01
8.73880000000e00,1.66852400957e-01,2.57133769989e01
8.76510000000e00,1.65718386427e-01,2.57015571594e01
8.79140000000e00,1.63480919492e-01,2.54371852875e01
8.81770000000e00,1.61704397740e-01,2.53958053589e01
8.84420000000e00,1.60961291120e-01,2.52725677490e01
8.87070000000e00,1.60015994041e-01,2.50022392273e01
8.89730000000e00,1.58765791440e-01,2.48924827576e01
8.92400000000e00,1.57967890272e-01,2.49164695740e01
8.95080000000e00,1.62454654948e-01,2.49031486511e01
8.97770000000e00,1.54105644911e-01,2.47105255127e01
9.00460000000e00,1.62928218565e-01,2.61561088562e01
9.03160000000e00,1.62445889897e-01,2.64634284973e01
9.05870000000e00,1.63307194250e-01,2.63450737000e01
9.08590000000e00,1.62245883286e-01,2.65489101410e01
9.11310000000e00,1.61193207468e-01,2.64918384552e01
9.14050000000e00,1.61160866622e-01,2.64449634552e01
9.16790000000e00,1.60002213589e-01,2.62399082184e01
9.19540000000e00,1.59503400131e-01,2.67282848358e01
9.22300000000e00,1.58947935284e-01,2.62967453003e01
9.25070000000e00,1.57936747258e-01,2.63650188446e01
9.27840000000e00,1.57217061705e-01,2.62365627289e01
9.30630000000e00,1.56313850486e-01,2.60175113678e01
9.33420000000e00,1.54745995135e-01,2.59015502930e01
9.36220000000e00,1.53789240445e-01,2.58079948425e01
9.39030000000e00,1.52096437937e-01,2.55864124298e01
9.41840000000e00,1.50464433816e-01,2.54963893890e01
9.44670000000e00,1.48999767349e-01,2.51667823792e01
9.47500000000e00,1.44824716820e-01,2.49762935638e01
9.50350000000e00,1.41882743837e-01,2.44682826996e01
9.53200000000e00,1.38947961389e-01,2.40664920807e01
9.56060000000e00,1.36555171183e-01,2.35585422516e01
9.58930000000e00,1.33678861633e-01,2.33207416534e01
9.61800000000e00,1.30465666740e-01,2.31135883331e01
9.64690000000e00,1.29110023624e-01,2.30555305481e01
9.67580000000e00,1.28783607492e-01,2.28386573792e01
9.70490000000e00,1.28689094080e-01,2.29231414795e01
9.73400000000e00,1.28737379351e-01,2.28772926331e01
9.76320000000e00,1.28715570837e-01,2.28276424408e01
9.79250000000e00,1.28353090565e-01,2.27330169678e01
9.82190000000e00,1.27143382578e-01,2.27437877655e01
9.85130000000e00,1.26705051193e-01,2.25338726044e01
9.88090000000e00,1.28964883580e-01,2.27933044434e01
9.91050000000e00,1.26615105486e-01,2.24817008972e01
9.94030000000e00,1.26817611023e-01,2.26587314606e01
9.97010000000e00,1.26507485978e-01,2.23869609833e01
1.00000000000e01,2.14162532242e-01,7.37600479126e01
